"μID","M","Checkpoint","Estado_observado","Autoridade","Evidência_ou_fonte","Aceite","Próximo_micro_passo"
"RAF7M-001","M1","Indexar run/SHA app/pkgs","PASS","app workflow","https://github.com/rafaelmeloreisnovo/termux-app-rafacodephi/actions/runs/37660128059/job/112925303754","identidade exata verificada","não confundir master e SHA de run"
"RAF7M-002","M2","Primeira falha do sealer","FAIL","termux-packages","https://github.com/rafaelmeloreisnovo/termux-packages/blob/main/scripts/build-rafcodephi-real-bootstrap.sh","missing bin/sh e libexec/termux-api reproduzido no run","provar unidade de normalização em SHA novo"
"RAF7M-003","M2","Normalização em source main","IMPLEMENTED_UNTESTED","termux-packages","https://github.com/rafaelmeloreisnovo/termux-packages/blob/main/scripts/build-rafcodephi-real-bootstrap.sh","teste do sealer de ambas ABIs","identificar gate e resultado CI"
"RAF7M-004","M3","Pin candidate","STALE_OBSERVED","termux-app-rafacodephi","https://github.com/rafaelmeloreisnovo/termux-app-rafacodephi/blob/master/data/contracts/termux-packages-rafcodephi-pin.v1.json","SHA pós-correção validado e autoridade resolvida","rebind somente após gate"
"RAF7M-005","M3","Direitos e pacotes","PENDING","termux-packages","https://github.com/rafaelmeloreisnovo/termux-packages","origem e licenças preservadas","verificar sem republicar conteúdo"
"RAF7M-006","M4","Contratos iniciais","PASS","termux-app-rafacodephi","https://github.com/rafaelmeloreisnovo/termux-app-rafacodephi/actions/runs/37660128059","job contract-fast success","preservar resultado historico"
"RAF7M-007","M4","Artefato upload","FAIL","app workflow/provider","https://github.com/rafaelmeloreisnovo/termux-app-rafacodephi/blob/master/.github/workflows/freestanding-enterprise-closure.yml","upload sem caminhos colon e com receipt","desenhar envelope e medir quota"
"RAF7M-008","M5","Par bootstrap ARM32 ARM64","NOT_RUN","termux-packages","https://github.com/rafaelmeloreisnovo/termux-packages","ZIPs e hashes exatos de ambos","rerun após pin"
"RAF7M-009","M5","Strict importer / embedded gate","NOT_RUN","app","https://github.com/rafaelmeloreisnovo/termux-app-rafacodephi","contratos de ambos perfis PASS","executar se G3 PASS"
"RAF7M-010","M5","APK matrix exact SHA","NOT_RUN","app","https://github.com/rafaelmeloreisnovo/termux-app-rafacodephi","APK+SHA+proveniencia presente","executar se G4 PASS"
"RAF7M-011","M6","Dispositivo fisico","TOKEN_VAZIO","app/device","https://github.com/rafaelmeloreisnovo/termux-app-rafacodephi","recibo Android exato e assinado","nao promover release"
"RAF7M-012","M7","Custodia append-only/indice","IN_PROGRESS","GitHub/Drive","https://github.com/rafaelmeloreisnovo/termux-app-rafacodephi","readback PR e ponte Drive","fechar receipt com link do PR"
